segment_id,left_x0,left_y0,left_x1,left_y1,right_x1,right_y1,right_x0,right_y0
0,-64.73586387302144,47.82989014385347,-65.76320454923601,46.80254946763891,-63.6941346866365,43.843105084536525,-64.02061583714024,44.89877024627997
1,-65.76320454923601,46.80254946763891,-65.45211186485436,41.62386743877566,-63.22210801558596,42.355881700198445,-63.6941346866365,43.843105084536525
2,-65.45211186485436,41.62386743877566,-64.94061663332289,40.100378296559505,-62.718384686636504,40.880331710710166,-63.22210801558596,42.355881700198445
3,-64.94061663332289,40.100378296559505,-64.44111210888529,38.54935070846476,-62.1979846866365,39.317204717885375,-62.718384686636504,40.880331710710166
4,-64.44111210888529,38.54935070846476,-63.9543346866365,37.108404902782105,-61.69972741060444,37.838975472477365,-62.1979846866365,39.317204717885375
5,-63.9543346866365,37.108404902782105,-63.44449949928742,35.576877074785315,-61.17621171445468,36.27401127074223,-61.69972741060444,37.838975472477365
6,-63.44449949928742,35.576877074785315,-62.92743645600682,34.03326548498651,-60.70184876784613,34.79051978769612,-61.17621171445468,36.27401127074223
7,-62.92743645600682,34.03326548498651,-62.41736305712807,32.50946646581392,-60.174547533228655,33.22344727459088,-60.70184876784613,34.79051978769612
8,-62.41736305712807,32.50946646581392,-61.91519934528607,30.95973389911934,-59.671378686655686,31.74873010713485,-60.174547533228655,33.22344727459088
9,-61.91519934528607,30.95973389911934,-61.4173846866365,29.52242663511976,-59.151718395042195,30.179609653755637,-59.671378686655686,31.74873010713485
10,-61.4173846866365,29.52242663511976,-60.91300130354529,27.988947039877395,-58.66172595062629,28.69855354357504,-59.151718395042195,30.179609653755637
11,-60.91300130354529,27.988947039877395,-60.376584686636505,26.35583659619526,-58.229732174374,27.286190206431932,-58.66172595062629,28.69855354357504
12,-60.376584686636505,26.35583659619526,-59.606097907252746,24.801950691227,-57.57421166400564,25.954229550315556,-58.229732174374,27.286190206431932
13,-59.606097907252746,24.801950691227,-58.555906079978755,23.30769072358067,-56.69599783313136,24.759867106408706,-57.57421166400564,25.954229550315556
14,-58.555906079978755,23.30769072358067,-57.487224950511944,22.04385959411386,-55.73928583757929,23.613470481181203,-56.69599783313136,24.759867106408706
15,-57.487224950511944,22.04385959411386,-56.45147606082028,20.8780107044222,-54.68179391995603,22.425878563557948,-55.73928583757929,23.613470481181203
16,-56.45147606082028,20.8780107044222,-55.437136746246686,19.696273350905667,-53.663202213182494,21.212136856784415,-54.68179391995603,22.425878563557948
17,-55.437136746246686,19.696273350905667,-54.34656477655465,18.447849420156565,-52.60030951453459,20.019144158136505,-53.663202213182494,21.212136856784415
18,-54.34656477655465,18.447849420156565,-53.349235315246375,17.25536995884829,-51.515212940674566,18.73889758427648,-52.60030951453459,20.019144158136505
19,-53.349235315246375,17.25536995884829,-52.29141423224134,16.002398875843255,-50.49716676326262,17.525701406864542,-51.515212940674566,18.73889758427648
20,-52.29141423224134,16.002398875843255,-51.29864248194889,14.820355038348806,-49.47752313576407,16.310907779365987,-50.49716676326262,17.525701406864542
21,-51.29864248194889,14.820355038348806,-50.23385352423739,13.554538167839306,-48.45718379944325,15.095418443045164,-49.47752313576407,16.310907779365987
22,-50.23385352423739,13.554538167839306,-49.24714451355516,12.372679157157082,-47.437955272896254,13.881039916498176,-48.45718379944325,15.095418443045164
23,-49.24714451355516,12.372679157157082,-48.1802422908319,11.110626934433808,-46.35123735783248,12.599172001434397,-47.437955272896254,13.881039916498176
24,-48.1802422908319,11.110626934433808,-47.19184663154097,9.927081275142893,-45.347556840249155,11.3769107895871,-46.35123735783248,12.599172001434397
25,-47.19184663154097,9.927081275142893,-46.13025504845708,8.664124754187867,-44.35417803644707,10.146762680048989,-45.347556840249155,11.3769107895871
26,-46.13025504845708,8.664124754187867,-45.09554399250681,7.399264861955174,-43.32388014198981,8.93629220173628,-44.35417803644707,10.146762680048989
27,-45.09554399250681,7.399264861955174,-44.08456201653857,6.2254686290199635,-42.28975358410894,7.728194745519601,-43.32388014198981,8.93629220173628
28,-44.08456201653857,6.2254686290199635,-43.12439443672747,5.013979080329385,-39.300384686636505,1.9300135754969856,-42.28975358410894,7.728194745519601
29,-43.12439443672747,5.013979080329385,-42.23705523124602,3.867790099976848,-39.29644693073007,0.5523865035964229,-39.300384686636505,1.9300135754969856
30,-42.23705523124602,3.867790099976848,-41.8373346866365,2.6783400797815062,-39.54447400741218,3.192425076863399,-39.29644693073007,0.5523865035964229
31,-41.8373346866365,2.6783400797815062,-41.642184686636504,1.2491495055435848,-39.23912292892812,1.386104047160817,-39.54447400741218,3.192425076863399
32,-41.642184686636504,1.2491495055435848,-41.72393866486536,-0.1053248297365605,-39.37365792567673,-0.4699327558066904,-39.23912292892812,1.386104047160817
33,-41.72393866486536,-0.1053248297365605,-42.07289123941553,-1.3834769910675475,-39.88583468663651,-2.322350270736244,-39.37365792567673,-0.4699327558066904
34,-42.07289123941553,-1.3834769910675475,-42.49826974808217,-2.45462843675321,-39.48572531339861,-0.9154496256393392,-39.88583468663651,-2.322350270736244
35,-42.49826974808217,-2.45462843675321,-43.732111707633706,-3.905354438550811,-40.58516256168417,-3.8190268883357383,-39.48572531339861,-0.9154496256393392
36,-43.732111707633706,-3.905354438550811,-45.07418194141171,-3.7753297881494374,-40.456286133018395,-3.5702406485016636,-40.58516256168417,-3.8190268883357383
37,-45.07418194141171,-3.7753297881494374,-46.24169367218035,-2.533618097341067,-42.12033848305075,-5.664405780832198,-40.456286133018395,-3.5702406485016636
38,-46.24169367218035,-2.533618097341067,-45.01098005612849,0.7265283849568731,-48.53749189963591,-3.3464471615730043,-42.12033848305075,-5.664405780832198
39,-45.01098005612849,0.7265283849568731,-45.092597039786654,2.512257050057546,-48.535393900415386,-1.681458452916972,-48.53749189963591,-3.3464471615730043
40,-45.092597039786654,2.512257050057546,-45.78129465963623,3.7678793032381495,-48.00117657729046,-0.2227618766930875,-48.535393900415386,-1.681458452916972
41,-45.78129465963623,3.7678793032381495,-47.72325121203927,5.187827844052779,-47.3015346866365,1.2990829272447897,-48.00117657729046,-0.2227618766930875
42,-47.72325121203927,5.187827844052779,-50.79490490414297,5.8351354329946155,-48.601643324749,-2.0472530325301075,-47.3015346866365,1.2990829272447897
43,-50.79490490414297,5.8351354329946155,-53.30972717221391,5.024168817989938,-48.6025346866365,-2.6147693198010415,-48.601643324749,-2.0472530325301075
44,-53.30972717221391,5.024168817989938,-50.409858079257646,5.873569330238418,-48.34294210755851,-1.0810415085039329,-48.6025346866365,-2.6147693198010415
45,-50.409858079257646,5.873569330238418,-52.640580106277,5.410886836415373,-52.52926782612064,2.6623861907542876,-48.34294210755851,-1.0810415085039329
46,-52.640580106277,5.410886836415373,-54.21194477331005,4.297259243564876,-53.43852845546179,1.374017463383265,-52.52926782612064,2.6623861907542876
47,-54.21194477331005,4.297259243564876,-55.30371157545147,2.833550620359795,-53.9366346866365,-0.1741599672221312,-53.43852845546179,1.374017463383265
48,-55.30371157545147,2.833550620359795,-56.05608360384562,1.0924786883370388,-54.06673468663651,-1.7546197512248582,-53.9366346866365,-0.1741599672221312
49,-56.05608360384562,1.0924786883370388,-56.46650364573779,-0.9779588820548664,-53.9366346866365,-3.410640002891192,-54.06673468663651,-1.7546197512248582
50,-56.46650364573779,-0.9779588820548664,-56.4085346866365,-3.1220122442125913,-53.44888790059659,-4.891600725677168,-53.9366346866365,-3.410640002891192
51,-56.4085346866365,-3.1220122442125913,-55.99989973264499,-4.8812043743462254,-52.44191561205545,-6.2242997443426225,-53.44888790059659,-4.891600725677168
52,-55.99989973264499,-4.8812043743462254,-55.32438296306639,-6.351262379603832,-51.22483828559571,-7.24622707080238,-52.44191561205545,-6.2242997443426225
53,-55.32438296306639,-6.351262379603832,-54.329795014139734,-7.65397034225835,-49.745934871532945,-8.005666853937859,-51.22483828559571,-7.24622707080238
54,-54.329795014139734,-7.65397034225835,-53.19235413493523,-8.72636122146284,-48.25795337623945,-8.44266273002582,-49.745934871532945,-8.005666853937859
55,-53.19235413493523,-8.72636122146284,-51.662361224895605,-9.72159023870434,-46.62011859124627,-8.69763066976158,-48.25795337623945,-8.44266273002582
56,-51.662361224895605,-9.72159023870434,-49.897771724204034,-10.459341432489206,-45.141055754617064,-8.58133088503445,-46.62011859124627,-8.69763066976158
57,-49.897771724204034,-10.459341432489206,-49.17179680771176,-10.665958528814,-43.61489338726975,-8.24228066976158,-45.141055754617064,-8.58133088503445
58,-49.17179680771176,-10.665958528814,-49.17179680771176,-10.665958528814,-42.09452132870844,-7.91703066976158,-43.61489338726975,-8.24228066976158
59,-49.17179680771176,-10.665958528814,-40.37501167608651,-9.960173756190963,-40.47998239429113,-7.550781314586171,-42.09452132870844,-7.91703066976158
60,-40.37501167608651,-9.960173756190963,-38.69196054766997,-9.608330669761578,-38.955722201318366,-7.212933321313095,-40.47998239429113,-7.550781314586171
61,-38.69196054766997,-9.608330669761578,-37.12315646165953,-9.227826235323771,-37.428403126517985,-6.876230669761579,-38.955722201318366,-7.212933321313095
62,-37.12315646165953,-9.227826235323771,-35.45649253901909,-8.86962526802541,-35.81427064514543,-6.541277233423021,-37.428403126517985,-6.876230669761579
63,-35.45649253901909,-8.86962526802541,-33.86510159402011,-8.537327581429631,-34.20510188335507,-6.164590159132201,-35.81427064514543,-6.541277233423021
64,-33.86510159402011,-8.537327581429631,-32.176665808013695,-8.215871468780746,-32.659080513587746,-5.897686282247662,-34.20510188335507,-6.164590159132201
65,-32.176665808013695,-8.215871468780746,-30.5861819744427,-7.905451838847023,-31.136455569759512,-5.575230669761581,-32.659080513587746,-5.897686282247662
66,-30.5861819744427,-7.905451838847023,-29.008639050863017,-7.578158236403961,-29.519638632193796,-5.24998066976158,-31.136455569759512,-5.575230669761581
67,-29.008639050863017,-7.578158236403961,-27.446900397965862,-7.210297546656629,-28.00576622341716,-4.92473066976158,-29.519638632193796,-5.24998066976158
68,-27.446900397965862,-7.210297546656629,-25.95877216693463,-6.889994250080643,-26.391502580993414,-4.5634892824647695,-28.00576622341716,-4.92473066976158
69,-25.95877216693463,-6.889994250080643,-24.37208226104075,-6.560454922456946,-24.859117075178503,-4.25375274806542,-26.391502580993414,-4.5634892824647695
70,-24.37208226104075,-6.560454922456946,-22.79131116890095,-6.225730669761578,-23.268880625668977,-3.885849529077981,-24.859117075178503,-4.25375274806542
71,-22.79131116890095,-6.225730669761578,-21.21355698605672,-5.899132986768887,-21.73626177837101,-3.575244452911927,-23.268880625668977,-3.885849529077981
72,-21.21355698605672,-5.899132986768887,-19.634288734998098,-5.569934528197598,-20.120973791032153,-3.2334306697615816,-21.73626177837101,-3.575244452911927
73,-19.634288734998098,-5.569934528197598,-18.051313772124423,-5.215256221048996,-18.58617478118453,-2.9081806697615775,-20.120973791032153,-3.2334306697615816
74,-18.051313772124423,-5.215256221048996,-16.48079151407791,-4.85968066976158,-17.059401051942814,-2.581647810396405,-18.58617478118453,-2.9081806697615775
75,-16.48079151407791,-4.85968066976158,-14.999921707945449,-4.53443066976158,-15.453764847182104,-2.192630669761577,-17.059401051942814,-2.581647810396405
76,-14.999921707945449,-4.53443066976158,-13.411411016413524,-4.19691970907118,-13.924131321846248,-1.86738066976158,-15.453764847182104,-2.192630669761577
77,-13.411411016413524,-4.19691970907118,-11.846152206359363,-3.835747816524013,-12.3166971191519,-1.538766439237129,-13.924131321846248,-1.86738066976158
78,-11.846152206359363,-3.835747816524013,-10.266526975917312,-3.493630669761579,-10.807345006645836,-1.19683503636452,-12.3166971191519,-1.538766439237129
79,-10.266526975917312,-3.493630669761579,-8.69067266834634,-3.1580177620245657,-9.199346155381653,-0.826580669761583,-10.807345006645836,-1.19683503636452
80,-8.69067266834634,-3.1580177620245657,-7.10653798293663,-2.8020450203890186,-7.692072270104656,-0.5013306697615789,-9.199346155381653,-0.826580669761583
81,-7.10653798293663,-2.8020450203890186,-5.534491503821292,-2.452830669761582,-6.075379323377218,-0.1393073160008605,-7.692072270104656,-0.5013306697615789
82,-5.534491503821292,-2.452830669761582,-4.03898320074807,-2.127580669761578,-4.543721714457741,0.1666874785035234,-6.075379323377218,-0.1393073160008605
83,-4.03898320074807,-2.127580669761578,-2.4491692410303703,-1.8023306697615809,-2.951906619627085,0.5394693302384184,-4.543721714457741,0.1666874785035234
84,-2.4491692410303703,-1.8023306697615809,-0.8719583194901336,-1.4770806697615768,-1.332451398693438,0.8647193302384224,-2.951906619627085,0.5394693302384184
85,-0.8719583194901336,-1.4770806697615768,0.7026473542683583,-1.138641402158215,0.1990492885269853,1.189969330238419,-1.332451398693438,0.8647193302384224
86,0.7026473542683583,-1.138641402158215,2.2699336269744017,-0.7790843640542819,1.7217737878939103,1.5152193302384234,0.1990492885269853,1.189969330238419
87,2.2699336269744017,-0.7790843640542819,3.8560579373336834,-0.4465635018980359,3.350326180996734,1.8426229515972048,1.7217737878939103,1.5152193302384234
88,3.8560579373336834,-0.4465635018980359,5.338400700487426,-0.1249589463343385,4.8698945212062,2.1855294875954736,3.350326180996734,1.8426229515972048
89,5.338400700487426,-0.1249589463343385,6.915318705726647,0.2142193302384214,6.475367741940729,2.552200891434763,4.8698945212062,2.1855294875954736
90,6.915318705726647,0.2142193302384214,8.490943094736151,0.5435561488707332,7.999360807304514,2.8812693302384176,6.475367741940729,2.552200891434763
91,8.490943094736151,0.5435561488707332,10.0601328531292,0.9297693302384218,9.519292646157725,3.2149095213423524,7.999360807304514,2.8812693302384176
92,10.0601328531292,0.9297693302384218,11.62851344432324,1.3143541689542009,11.123084394861529,3.599049360181092,9.519292646157725,3.2149095213423524
93,11.62851344432324,1.3143541689542009,13.197797585252411,1.6615466525826923,12.62978019362196,3.980543075996998,11.123084394861529,3.599049360181092
94,13.197797585252411,1.6615466525826923,14.764249672194214,2.05667194973426,14.207901225854409,4.377419330238418,12.62978019362196,3.980543075996998
95,14.764249672194214,2.05667194973426,16.35474460041105,2.425919330238422,15.802668983814565,4.765112296024008,14.207901225854409,4.377419330238418
96,16.35474460041105,2.425919330238422,17.822608177506584,2.775022715789458,17.328797172788924,5.092969330238418,15.802668983814565,4.765112296024008
97,17.822608177506584,2.775022715789458,19.406102000141303,3.13259064313182,18.9422321800998,5.448762706684862,17.328797172788924,5.092969330238418
98,19.406102000141303,3.13259064313182,20.990286326045485,3.466719330238419,20.54156283554572,5.807842586248869,18.9422321800998,5.448762706684862
99,20.990286326045485,3.466719330238419,22.183844798846057,3.753308809901633,18.226891597856543,5.288119330238416,20.54156283554572,5.807842586248869
100,22.183844798846057,3.753308809901633,23.51483389664967,3.816022750904312,20.80015480128618,5.873569330238418,18.226891597856543,5.288119330238416
101,23.51483389664967,3.816022750904312,24.358308606074033,2.6463260375278783,22.13859999333507,6.161831997919749,20.80015480128618,5.873569330238418
102,24.358308606074033,2.6463260375278783,25.13429473071619,1.5450899128857307,22.932444953808165,6.363108162851443,22.13859999333507,6.161831997919749
103,25.13429473071619,1.5450899128857307,26.06138149817528,0.1974665412951777,23.113042339664755,6.39396933023842,22.932444953808165,6.363108162851443
104,26.06138149817528,0.1974665412951777,26.95092930226296,-1.059535287279069,23.113042339664755,6.39396933023842,23.113042339664755,6.39396933023842
105,26.95092930226296,-1.059535287279069,27.884658150179902,-2.4008151677427265,29.000584263436483,0.1450130224458932,23.113042339664755,6.39396933023842
106,27.884658150179902,-2.4008151677427265,28.82242325552856,-3.742787017095836,29.932400901988107,-1.23372929856375,29.000584263436483,0.1450130224458932
107,28.82242325552856,-3.742787017095836,29.707774947676487,-4.9985378108462335,30.835812650114622,-2.5264924815077685,29.932400901988107,-1.23372929856375
108,29.707774947676487,-4.9985378108462335,30.641121791544656,-6.342593261558909,31.803360075193044,-3.8880254315911342,30.835812650114622,-2.5264924815077685
109,30.641121791544656,-6.342593261558909,31.56822328601069,-7.685988642408772,32.70479632169365,-5.179761678091731,31.803360075193044,-3.8880254315911342
110,31.56822328601069,-7.685988642408772,32.47948647520307,-8.92796649495143,33.671761446120335,-6.538683628379315,32.70479632169365,-5.179761678091731
111,32.47948647520307,-8.92796649495143,33.42596440351288,-10.265716379884868,34.57430313173654,-7.829868488134627,33.671761446120335,-6.538683628379315
112,33.42596440351288,-10.265716379884868,34.34109123411211,-11.61666853314413,35.512675128688535,-9.208523963237814,34.57430313173654,-7.829868488134627
113,34.34109123411211,-11.61666853314413,35.27812818576903,-12.957093542167122,36.47303610398979,-10.574251460387885,35.512675128688535,-9.208523963237814
114,35.27812818576903,-12.957093542167122,36.183363137992025,-14.317678494390112,37.37546689240556,-11.86577133237314,36.47303610398979,-10.574251460387885
115,36.183363137992025,-14.317678494390112,37.2374816445995,-15.697047000997584,38.3152794786588,-13.24304789199224,37.37546689240556,-11.86577133237314
116,37.2374816445995,-15.697047000997584,38.375437198206704,-16.900052554604798,39.28436585692879,-14.491431213326877,38.3152794786588,-13.24304789199224
117,38.375437198206704,-16.900052554604798,39.796694994198,-17.885021288636455,40.56819520328165,-15.580110559679726,39.28436585692879,-14.491431213326877
118,39.796694994198,-17.885021288636455,41.3098056380107,-18.743159275070894,41.922416719352825,-16.384490558273246,40.56819520328165,-15.580110559679726
119,41.3098056380107,-18.743159275070894,42.89207340809072,-19.664384011464097,43.379279788096994,-17.20298877859951,41.922416719352825,-16.384490558273246
120,42.89207340809072,-19.664384011464097,42.963118195215515,-19.731383551613607,43.73626526773352,-16.922978761405346,43.379279788096994,-17.20298877859951
121,42.963118195215515,-19.731383551613607,42.72690875391839,-19.560224110316483,43.65818914968939,-17.219180669761577,43.73626526773352,-16.922978761405346
122,42.72690875391839,-19.560224110316483,44.09115962363578,-20.467141256654926,43.63986342420953,-16.765328780607614,43.65818914968939,-17.219180669761577
123,44.09115962363578,-20.467141256654926,47.08281989811799,-20.22341561861433,42.77608018025736,-15.44619553665545,43.63986342420953,-16.765328780607614
124,47.08281989811799,-20.22341561861433,47.146911028980114,-20.150749412281545,41.91501388653152,-14.1297792429296,42.77608018025736,-15.44619553665545
125,47.146911028980114,-20.150749412281545,43.348729351441946,-11.994730156149611,41.08355064553738,-12.793657399157064,41.91501388653152,-14.1297792429296
126,43.348729351441946,-11.994730156149611,42.472617847561494,-10.615958714425023,40.22502904335894,-11.47067659069612,41.08355064553738,-12.793657399157064
127,42.472617847561494,-10.615958714425023,41.54037519012437,-9.15479696296118,39.33925564650414,-10.058848765833837,40.22502904335894,-11.47067659069612
128,41.54037519012437,-9.15479696296118,40.648920225164225,-7.789785581562317,38.47960982593969,-8.74182352120024,39.33925564650414,-10.058848765833837
129,40.648920225164225,-7.789785581562317,39.71169514627493,-6.332160502673021,37.618924628262945,-7.420513696732305,38.47960982593969,-8.74182352120024
130,39.71169514627493,-6.332160502673021,38.82742815174885,-4.958006845316211,36.72601245745226,-6.01167931529934,37.618924628262945,-7.420513696732305
131,38.82742815174885,-4.958006845316211,37.91074364780457,-3.492954628840728,35.86799660442108,-4.692432152072414,36.72601245745226,-6.01167931529934
132,37.91074364780457,-3.492954628840728,37.00345881525774,-2.1277741716558163,35.01168660876333,-3.372881072594184,35.86799660442108,-4.692432152072414
133,37.00345881525774,-2.1277741716558163,36.14110272742766,-0.7450180838257422,34.155771287453476,-2.049481950618043,35.01168660876333,-3.372881072594184
134,36.14110272742766,-0.7450180838257422,35.23245834075516,0.6191474951574113,33.25540330891443,-0.646937821511566,34.155771287453476,-2.049481950618043
135,35.23245834075516,0.6191474951574113,34.398342683228805,1.908441960373109,32.40039082087647,0.6761488813263694,33.25540330891443,-0.646937821511566
136,34.398342683228805,1.908441960373109,33.527826551025036,3.2913086739574484,31.560026985674806,2.0106162248692265,32.40039082087647,0.6761488813263694
137,33.527826551025036,3.2913086739574484,32.64870542471772,4.670000513422001,30.63774789195191,3.400239171152283,31.560026985674806,2.0106162248692265
138,32.64870542471772,4.670000513422001,31.811617802177835,5.9607666262694785,29.808173235668068,4.742261407933849,30.63774789195191,3.400239171152283
139,31.811617802177835,5.9607666262694785,30.923377770565267,7.334906873036642,28.949804250618417,6.062752171545731,29.808173235668068,4.742261407933849
140,30.923377770565267,7.334906873036642,30.054917407380255,8.721726322173833,28.124833624100138,7.401351019501778,28.949804250618417,6.062752171545731
141,30.054917407380255,8.721726322173833,29.26258106935089,10.035280713073904,27.226859775726147,8.807039689135122,28.124833624100138,7.401351019501778
142,29.26258106935089,10.035280713073904,28.357450272107695,11.401623008790905,26.39090536290364,10.140681382618313,27.226859775726147,8.807039689135122
143,28.357450272107695,11.401623008790905,27.49307289388534,12.78402592241912,25.550091038541463,11.47224360506045,26.39090536290364,10.140681382618313
144,27.49307289388534,12.78402592241912,26.66480839129095,14.082793186602371,24.660520238283866,12.882214405318049,25.550091038541463,11.47224360506045
145,26.66480839129095,14.082793186602371,25.790700959793096,15.45957213597553,23.79856612944922,14.199518514152697,24.660520238283866,12.882214405318049
146,25.790700959793096,15.45957213597553,24.88269353873399,16.823241104867925,22.936281376671467,15.517153266930444,23.79856612944922,14.199518514152697
147,24.88269353873399,16.823241104867925,24.048920404919752,18.11236423868216,22.07171478048104,16.83706986312088,22.936281376671467,15.517153266930444
148,24.048920404919752,18.11236423868216,23.16352274517744,19.481392235181175,21.14290489847316,18.221229745128753,22.07171478048104,16.83706986312088
149,23.16352274517744,19.481392235181175,22.255400803245305,20.841167409881372,20.284844936984097,19.541972281407133,21.14290489847316,18.221229745128753
150,22.255400803245305,20.841167409881372,21.405390307732933,22.121944335868974,19.420503209932864,20.856041292596142,20.284844936984097,19.541972281407133
151,21.405390307732933,22.121944335868974,20.50028180313066,23.482402840471256,18.55625786123779,22.17392678236412,19.420503209932864,20.856041292596142
152,20.50028180313066,23.482402840471256,19.592892189811312,24.84733062884762,17.633766334786397,23.56471775094893,18.55625786123779,22.17392678236412
153,19.592892189811312,24.84733062884762,18.755097912163347,26.13828673143856,16.774435857823935,24.883776280023344,17.633766334786397,23.56471775094893
154,18.755097912163347,26.13828673143856,17.887516643541566,27.524859363505136,15.94278318999789,26.218501453604027,16.774435857823935,24.883776280023344
155,17.887516643541566,27.524859363505136,17.053372807970174,28.815761835631736,15.04921975154378,27.628076505566128,15.94278318999789,26.218501453604027
156,17.053372807970174,28.815761835631736,16.189620006899784,30.20711944023423,14.2161797970744,28.967217633755027,15.04921975154378,27.628076505566128
157,16.189620006899784,30.20711944023423,15.360976178748864,31.61400846485305,13.394535664912866,30.31209087407259,14.2161797970744,28.967217633755027
158,15.360976178748864,31.61400846485305,14.545273272358548,32.92144190372253,12.514116634059487,31.728007460399535,13.394535664912866,30.31209087407259
159,14.545273272358548,32.92144190372253,13.686221408552717,34.316123934058034,11.688960497916826,33.070850942341444,12.514116634059487,31.728007460399535
160,13.686221408552717,34.316123934058034,12.813919916615468,35.69708851120084,10.844465759365422,34.400940741990496,11.688960497916826,33.070850942341444
161,12.813919916615468,35.69708851120084,11.98920954534579,36.994327577936474,10.004907634966742,35.73412700863517,10.844465759365422,34.400940741990496
162,11.98920954534579,36.994327577936474,11.116325805726328,38.37673328237224,9.116411171273858,37.143023472328046,10.004907634966742,35.73412700863517
163,11.116325805726328,38.37673328237224,10.220986064526892,39.74645285301333,8.267835758950234,38.470146858510375,9.116411171273858,37.143023472328046
164,10.220986064526892,39.74645285301333,9.413203207055387,41.05742919603815,7.414451696017581,39.79469657845255,8.267835758950234,38.470146858510375
165,9.413203207055387,41.05742919603815,8.516964068570141,42.42607057503178,6.568372951087234,41.12216169251467,7.414451696017581,39.79469657845255
166,8.516964068570141,42.42607057503178,7.644222390065686,43.809115684362276,5.675029151779677,42.53432838149267,6.568372951087234,41.12216169251467
167,7.644222390065686,43.809115684362276,6.813116374094566,45.105668269507355,4.814726442918806,43.85422237603845,5.675029151779677,42.53432838149267
168,6.813116374094566,45.105668269507355,5.9405147592662715,46.490135996065014,3.9923760823634864,45.19430856123844,4.814726442918806,43.85422237603845
169,5.9405147592662715,46.490135996065014,5.06962245128291,47.86688011511653,3.094098338467941,46.602653939868375,3.9923760823634864,45.19430856123844
170,5.06962245128291,47.86688011511653,4.241124475499581,49.168170282634655,2.2391571670038157,47.92667268236736,3.094098338467941,46.602653939868375
171,4.241124475499581,49.168170282634655,3.375140314438721,50.55294452945461,1.4007432134877968,49.26125267607249,2.2391571670038157,47.92667268236736
172,3.375140314438721,50.55294452945461,2.54227619935174,51.848306553214705,0.5254575924399224,50.67777705116198,1.4007432134877968,49.26125267607249
173,2.54227619935174,51.848306553214705,1.675802213413411,53.23582335818193,-0.3249832087330367,52.005482882384875,0.5254575924399224,50.67777705116198
174,1.675802213413411,53.23582335818193,0.8151397194017911,54.620883265611965,-1.1632430143064467,53.3403787570656,-0.3249832087330367,52.005482882384875
175,0.8151397194017911,54.620883265611965,-0.0117193988916783,55.92233829636369,-2.024702433046738,54.65942511582086,-1.1632430143064467,53.3403787570656
176,-0.0117193988916783,55.92233829636369,-0.8880087981852126,57.30196918641558,-2.8842791024933616,56.08990853387922,-2.024702433046738,54.65942511582086
177,-0.8880087981852126,57.30196918641558,-1.7578260241654189,58.68546066776734,-3.7384783439726648,57.415327615766934,-2.8842791024933616,56.08990853387922
178,-1.7578260241654189,58.68546066776734,-2.591016689328172,59.9801039155364,-4.579440199208282,58.74822034978901,-3.7384783439726648,57.415327615766934
179,-2.591016689328172,59.9801039155364,-3.4583374053471103,61.36172204894902,-5.435204139057619,60.071862684984865,-4.579440199208282,58.74822034978901
180,-3.4583374053471103,61.36172204894902,-4.358488905830704,62.728601516335,-6.328892893576116,61.47613606856495,-5.435204139057619,60.071862684984865
181,-4.358488905830704,62.728601516335,-5.162172292441523,64.0395804599484,-7.175723651407644,62.80235829500955,-6.328892893576116,61.47613606856495
182,-5.162172292441523,64.0395804599484,-6.065550967576567,65.40003333760058,-8.040257636538326,64.12224228014024,-7.175723651407644,62.80235829500955
183,-6.065550967576567,65.40003333760058,-6.933053649571501,66.78793829317341,-8.92858197276665,65.53096661636856,-8.040257636538326,64.12224228014024
184,-6.933053649571501,66.78793829317341,-7.768236633559614,68.08152518212357,-9.791098257246665,66.84883290084858,-8.92858197276665,65.53096661636856
185,-7.768236633559614,68.08152518212357,-8.6643699153816,69.45096662186016,-10.622927622221098,68.18964782888494,-9.791098257246665,66.84883290084858
186,-8.6643699153816,69.45096662186016,-9.538576192895038,70.83204759389112,-11.477479504805792,69.51343794624941,-10.622927622221098,68.18964782888494
187,-9.538576192895038,70.83204759389112,-10.3583266771266,72.13673538837406,-12.370814838861603,70.92469948246351,-11.477479504805792,69.51343794624941
188,-10.3583266771266,72.13673538837406,-11.242974081925777,73.51276377792502,-13.21185490524545,72.25297149074446,-12.370814838861603,70.92469948246351
189,-11.242974081925777,73.51276377792502,-12.154438605369425,74.87209427085124,-14.093108852680109,73.55878893323629,-13.21185490524545,72.25297149074446
190,-12.154438605369425,74.87209427085124,-13.166425212097533,76.27380985569944,-14.952522605642692,74.76399813613132,-14.093108852680109,73.55878893323629
191,-13.166425212097533,76.27380985569944,-14.373728127137314,77.54616277073922,-15.9309089247137,75.78579356831561,-14.952522605642692,74.76399813613132
192,-14.373728127137314,77.54616277073922,-15.706998746280194,78.6511940895284,-17.077137696978546,76.73687234058045,-15.9309089247137,75.78579356831561
193,-15.706998746280194,78.6511940895284,-17.271744594461527,79.60727453298236,-18.25898980314461,77.46884992996209,-17.077137696978546,76.73687234058045
194,-17.271744594461527,79.60727453298236,-18.969608632306887,80.22571933023842,-19.54829038135504,77.94878755862335,-18.25898980314461,77.46884992996209
195,-18.969608632306887,80.22571933023842,-20.73229340311625,80.61049748275911,-20.984403706998965,78.20916933023841,-19.54829038135504,77.94878755862335
196,-20.73229340311625,80.61049748275911,-22.5749528684546,80.68106933023842,-22.39022870156446,78.27421933023841,-20.984403706998965,78.20916933023841
197,-22.5749528684546,80.68106933023842,-24.377478315691395,80.42222224534638,-23.77503146866609,78.14411933023841,-22.39022870156446,78.27421933023841
198,-24.377478315691395,80.42222224534638,-26.110419305866735,79.89715461657144,-25.164135776308385,77.75673741699826,-23.77503146866609,78.14411933023841
199,-26.110419305866735,79.89715461657144,-27.755918788077473,79.08181901112316,-26.560943961791804,77.03858091952422,-25.164135776308385,77.75673741699826
200,-27.755918788077473,79.08181901112316,-29.249669870274875,77.85188414660004,-27.771051975750375,76.01295204112455,-26.560943961791804,77.03858091952422
201,-29.249669870274875,77.85188414660004,-30.508255211585844,76.37882055607297,-28.78771624555924,74.68364445533511,-27.771051975750375,76.01295204112455
202,-30.508255211585844,76.37882055607297,-31.42952271171203,74.58514730882943,-29.349364728248684,73.22484275592714,-28.78771624555924,74.68364445533511
203,-31.42952271171203,74.58514730882943,-31.883599612230345,72.67103906444842,-29.542884686636505,71.57971506707861,-29.349364728248684,73.22484275592714
204,-31.883599612230345,72.67103906444842,-30.753285533684164,75.96196666249335,-29.347734686636507,70.02579900652684,-29.542884686636505,71.57971506707861
205,-30.753285533684164,75.96196666249335,-31.68941338855933,73.69307417994247,-28.742783345123804,68.4942173989322,-29.347734686636507,70.02579900652684
206,-31.68941338855933,73.69307417994247,-31.819634686636505,70.55978908610562,-27.81151376322715,67.11059840682906,-28.742783345123804,68.4942173989322
207,-31.819634686636505,70.55978908610562,-31.333639203917677,68.55066768541373,-26.54621678631564,66.17065413914955,-27.81151376322715,67.11059840682906
208,-31.333639203917677,68.55066768541373,-31.18189541810939,68.1939197531663,-24.93361265018731,66.17491933023841,-26.54621678631564,66.17065413914955
209,-31.18189541810939,68.1939197531663,-25.273423165158125,63.68327290333718,-23.768959962818265,67.22013041062374,-24.93361265018731,66.17491933023841
210,-25.273423165158125,63.68327290333718,-23.648352970983463,64.20296308846844,-21.196352694343588,69.82074912950398,-23.768959962818265,67.22013041062374
211,-23.648352970983463,64.20296308846844,-22.3640079413592,65.22254607551572,-19.673859276176685,69.89916171838614,-21.196352694343588,69.82074912950398
212,-22.3640079413592,65.22254607551572,-21.318294338275823,66.60128760934872,-16.056700286986445,64.99995364319366,-19.673859276176685,69.89916171838614
213,-21.318294338275823,66.60128760934872,-20.187304644733125,67.47160334023735,-15.638391678280476,64.27862563625096,-16.056700286986445,64.99995364319366
214,-20.187304644733125,67.47160334023735,-19.342465192508232,65.95788710698993,-15.999140685027218,64.92562532862914,-15.638391678280476,64.27862563625096
215,-19.342465192508232,65.95788710698993,-18.50553926497675,64.56018894669708,-15.174676033432313,63.47312413606556,-15.999140685027218,64.92562532862914
216,-18.50553926497675,64.56018894669708,-17.640463679993125,63.06245352145319,-14.336077642961936,62.0270779488376,-15.174676033432313,63.47312413606556
217,-17.640463679993125,63.06245352145319,-16.823522062137716,61.647140425002505,-13.53258446995302,60.67038511676578,-14.336077642961936,62.0270779488376
218,-16.823522062137716,61.647140425002505,-15.965399694313827,60.143234337915736,-12.74846964370313,59.302224887220035,-13.53258446995302,60.67038511676578
219,-15.965399694313827,60.143234337915736,-15.133617931128688,58.7335509314059,-11.974991731798257,57.927278551030135,-12.74846964370313,59.302224887220035
220,-15.133617931128688,58.7335509314059,-14.275835603902523,57.22112466102751,-11.135076349269706,56.48396003512738,-11.974991731798257,57.927278551030135
221,-14.275835603902523,57.22112466102751,-13.452448099547192,55.80435211830991,-10.34007116620776,55.118910045539515,-11.135076349269706,56.48396003512738
222,-13.452448099547192,55.80435211830991,-12.565409901971885,54.30930290613018,-9.533667107063104,53.76289572637552,-10.34007116620776,55.118910045539515
223,-12.565409901971885,54.30930290613018,-11.751173331870527,52.88175732675709,-8.728582352959927,52.408079993114995,-9.533667107063104,53.76289572637552
224,-11.751173331870527,52.88175732675709,-10.8577791463656,51.39579050862877,-7.884280984895948,50.96878506477629,-8.728582352959927,52.408079993114995
225,-10.8577791463656,51.39579050862877,-9.958244736738695,49.90782938034061,-7.069009045296991,49.62059368889891,-7.884280984895948,50.96878506477629
226,-9.958244736738695,49.90782938034061,-9.132188863512564,48.496323507114475,-6.243610825627727,48.274795469229645,-7.069009045296991,49.62059368889891
227,-9.132188863512564,48.496323507114475,-8.234224303463778,47.01791662622457,-5.450383068269046,46.911410672309266,-6.243610825627727,48.274795469229645
228,-8.234224303463778,47.01791662622457,-7.405747782685896,45.61715127378417,-4.6018393218518705,45.474675452432166,-5.450383068269046,46.911410672309266
229,-7.405747782685896,45.61715127378417,-6.519778776181033,44.12723959218211,-3.7871689648707023,44.1228262858757,-4.6018393218518705,45.474675452432166
230,-6.519778776181033,44.12723959218211,-5.699122768418092,42.71431257545935,-3.0088839046549527,42.7487121443439,-3.7871689648707023,44.1228262858757
231,-5.699122768418092,42.71431257545935,-4.849038449271483,41.203824148705415,-2.216374835589825,41.38535947919174,-3.0088839046549527,42.7487121443439
232,-4.849038449271483,41.203824148705415,-4.005985841581925,39.79906336180576,-1.386275473838369,39.93641734706341,-2.216374835589825,41.38535947919174
233,-4.005985841581925,39.79906336180576,-3.136696268450962,38.297696831241446,-0.579298124179643,38.58081872134411,-1.386275473838369,39.93641734706341
234,-3.136696268450962,38.297696831241446,-2.2884907054921677,36.89926094118695,0.2371543439407976,37.23091647190317,-0.579298124179643,38.58081872134411
235,-2.2884907054921677,36.89926094118695,-1.4019574558273749,35.421712416602226,1.0952455328427173,35.79698911075919,0.2371543439407976,37.23091647190317
236,-1.4019574558273749,35.421712416602226,-0.576147265205464,34.0193531222236,2.041355087635413,34.2059932018338,1.0952455328427173,35.79698911075919
237,-0.576147265205464,34.0193531222236,0.2571647073874397,32.49425740308425,2.721915313363496,32.503461963598674,2.041355087635413,34.2059932018338
238,0.2571647073874397,32.49425740308425,0.4451653133634892,30.91520107757347,2.7869653133634955,30.421466175838223,2.721915313363496,32.503461963598674
239,0.4451653133634892,30.91520107757347,-0.2533434129014735,29.568810603973446,1.894655511562252,28.51117456487582,2.7869653133634955,30.421466175838223
240,-0.2533434129014735,29.568810603973446,-1.110934783223156,28.516069233651777,0.7134431197084203,27.06672488092422,1.894655511562252,28.51117456487582
241,-1.110934783223156,28.516069233651777,-2.1006890954928767,27.331164921382044,-0.3450598593702244,25.768921118001018,0.7134431197084203,27.06672488092422
242,-2.1006890954928767,27.331164921382044,-3.022256191557938,26.214447825316984,-1.5004576785598118,24.418696338315115,-0.3450598593702244,25.768921118001018
243,-3.022256191557938,26.214447825316984,-3.912993498150658,25.713819330238415,-0.8015874845937271,25.18261653228119,-1.5004576785598118,24.418696338315115
244,-3.912993498150658,25.713819330238415,-4.7633238201712285,25.82874997984072,-2.445407901458278,23.66809345135989,-0.8015874845937271,25.18261653228119
245,-4.7633238201712285,25.82874997984072,-5.800408624347252,26.30004326794916,-4.059659132015316,23.306969330238417,-2.445407901458278,23.66809345135989
246,-5.800408624347252,26.30004326794916,-6.432148307335364,27.598177924183933,-5.330508162689328,23.51324244115017,-4.059659132015316,23.306969330238417
247,-6.432148307335364,27.598177924183933,-7.036223779972248,28.911382475143736,-5.8557375241053915,23.69726933023842,-5.330508162689328,23.51324244115017
248,-7.036223779972248,28.911382475143736,-7.708865920723467,30.405597471561286,-9.8327346866365,29.415542743973756,-5.8557375241053915,23.69726933023842
249,-7.708865920723467,30.405597471561286,-8.392173968739893,31.897818134077077,-10.4617301392066,30.762411899159616,-9.8327346866365,29.415542743973756
250,-8.392173968739893,31.897818134077077,-9.195083238068404,33.44252674806283,-11.1283032759363,32.083287919538215,-10.4617301392066,30.762411899159616
251,-9.195083238068404,33.44252674806283,-10.343365063411229,34.87609970701314,-12.041633376321176,33.25681801992309,-11.1283032759363,32.083287919538215
252,-10.343365063411229,34.87609970701314,-11.766877706620576,36.040761538006315,-13.056540667108903,34.080040567516484,-12.041633376321176,33.25681801992309
253,-11.766877706620576,36.040761538006315,-13.373972409286148,36.90236692458981,-14.277858979473171,34.751524696489184,-13.056540667108903,34.080040567516484
254,-13.373972409286148,36.90236692458981,-11.064736829299704,35.53242147290162,-15.606405628443952,35.08101933023842,-14.277858979473171,34.751524696489184
255,-11.064736829299704,35.53242147290162,-12.759321209423986,36.63333491573337,-16.896526492260996,35.08101933023842,-15.606405628443952,35.08101933023842
256,-12.759321209423986,36.63333491573337,-14.445296539175148,37.28242472804783,-18.15180986014111,34.82081933023842,-16.896526492260996,35.08101933023842
257,-14.445296539175148,37.28242472804783,-16.162205474561983,37.487869330238425,-19.41649903537163,34.26880693146526,-18.15180986014111,34.82081933023842
258,-16.162205474561983,37.487869330238425,-17.797515045475265,37.35776933023841,-20.55167615071274,33.46907786616218,-19.41649903537163,34.26880693146526
259,-17.797515045475265,37.35776933023841,-19.42789284315464,36.87659466268252,-21.51390986939839,32.441794147476536,-20.55167615071274,33.46907786616218
260,-19.42789284315464,36.87659466268252,-20.550438903351843,36.33251511352308,-22.279124546002432,31.282255164403782,-21.51390986939839,32.441794147476536
261,-20.550438903351843,36.33251511352308,-25.110242831595567,30.9789480907706,-23.01665945880178,29.880888509583148,-22.279124546002432,31.282255164403782
262,-25.110242831595567,30.9789480907706,-25.81432817891778,29.494082141231445,-23.664172291425977,28.53561527922249,-23.01665945880178,29.880888509583148
263,-25.81432817891778,29.494082141231445,-26.486269796282347,28.00230288568199,-24.357588191845753,27.01558289528162,-23.664172291425977,28.53561527922249
264,-26.486269796282347,28.00230288568199,-27.141382892209176,26.603918100783893,-25.038304220047547,25.595048096833377,-24.357588191845753,27.01558289528162
265,-27.141382892209176,26.603918100783893,-27.831077795983663,25.218552418461417,-25.765083805305373,24.092470211569548,-25.038304220047547,25.595048096833377
266,-27.831077795983663,25.218552418461417,-28.632910230722715,24.02179378615221,-26.72039142062777,22.61676259624715,-25.765083805305373,24.092470211569548
267,-28.632910230722715,24.02179378615221,-29.551694914410486,23.02142691070524,-27.93780478461175,21.32602087027097,-26.72039142062777,22.61676259624715
268,-29.551694914410486,23.02142691070524,-30.679339381868584,22.109327533260377,-29.3803673846288,20.151936632246123,-27.93780478461175,21.32602087027097
269,-30.679339381868584,22.109327533260377,-31.92515556353013,21.38138491417574,-30.903418590227226,19.263182378486643,-29.3803673846288,20.151936632246123
270,-31.92515556353013,21.38138491417574,-33.24604638050693,20.838235139624167,-32.513830314588546,18.58192135110999,-30.903418590227226,19.263182378486643
271,-33.24604638050693,20.838235139624167,-34.64711818306309,20.50981933023842,-34.210142004552694,18.168019330238423,-32.513830314588546,18.58192135110999
272,-34.64711818306309,20.50981933023842,-35.99362640982395,20.379719330238416,-36.06295083584001,18.037919330238417,-34.210142004552694,18.168019330238423
273,-35.99362640982395,20.379719330238416,-37.53041771191942,20.50981933023842,-37.749800769613486,18.102969330238416,-36.06295083584001,18.037919330238417
274,-37.53041771191942,20.50981933023842,-38.96000198819405,20.705510759948652,-39.47015366810102,18.406924768025835,-37.749800769613486,18.102969330238416
275,-38.96000198819405,20.705510759948652,-40.3170328439118,21.074991555839585,-41.15034209685687,18.85438633874829,-39.47015366810102,18.406924768025835
276,-40.3170328439118,21.074991555839585,-41.65234178573624,21.631233326151943,-42.8348157652968,19.617660210558203,-41.15034209685687,18.85438633874829
277,-41.65234178573624,21.631233326151943,-42.8511041128666,22.434288756468515,-39.2024055008317,18.35693941921259,-42.8348157652968,19.617660210558203
278,-42.8511041128666,22.434288756468515,-44.090836746136354,23.348771389738268,-40.808856485694506,18.745025457554604,-39.2024055008317,18.35693941921259
279,-44.090836746136354,23.348771389738268,-45.056494683351424,24.44452932695334,-46.903858338105586,22.9743429817075,-40.808856485694506,18.745025457554604
280,-45.056494683351424,24.44452932695334,-45.890343869193835,25.733728512795754,-47.81197075467352,24.37489045008909,-46.903858338105586,22.9743429817075
281,-45.890343869193835,25.733728512795754,-46.657877666573434,27.07083343134692,-48.64807162279078,25.823076268970212,-47.81197075467352,24.37489045008909
282,-46.657877666573434,27.07083343134692,-47.40741507543827,28.42169971904019,-49.46322098236358,27.280596803471735,-48.64807162279078,25.823076268970212
283,-47.40741507543827,28.42169971904019,-48.20776180381642,29.857156448397006,-50.251773484924115,28.647389683350877,-49.46322098236358,27.280596803471735
284,-48.20776180381642,29.857156448397006,-48.98999652321529,31.182995959846483,-51.066784224485936,30.10313441653562,-50.251773484924115,28.647389683350877
285,-48.98999652321529,31.182995959846483,-49.77018599070396,32.622673756925394,-51.83229992188892,31.487609839160612,-51.066784224485936,30.10313441653562
286,-49.77018599070396,32.622673756925394,-50.580550217995615,34.05117079825792,-52.609473263948104,32.85762756971687,-51.83229992188892,31.487609839160612
287,-50.580550217995615,34.05117079825792,-51.324796152263815,35.40116256383308,-53.37432600118035,34.24306768165858,-52.609473263948104,32.85762756971687
288,-51.324796152263815,35.40116256383308,-52.11986043465482,36.82709716019422,-54.148751602434146,35.61838624603605,-53.37432600118035,34.24306768165858
289,-52.11986043465482,36.82709716019422,-52.93172574551414,38.25279054376864,-54.920375999713286,36.99823950664312,-54.148751602434146,35.61838624603605
290,-52.93172574551414,38.25279054376864,-53.7298158189662,39.68790046256811,-55.69540745277224,38.374419660499896,-54.920375999713286,36.99823950664312
291,-53.7298158189662,39.68790046256811,-54.58091613331057,41.085607615401194,-56.5048998100213,39.73088445362322,-55.69540745277224,38.374419660499896
292,-54.58091613331057,41.085607615401194,-55.581403708167215,42.38513835176913,-57.442770135658066,40.99400477925998,-56.5048998100213,39.73088445362322
293,-55.581403708167215,42.38513835176913,-56.6885569458726,43.732064214145126,-58.423314466169984,42.126585008809414,-57.442770135658066,40.99400477925998
294,-56.6885569458726,43.732064214145126,-63.4373872304976,48.41327739060116,-59.520269807513856,43.26665445111577,-58.423314466169984,42.126585008809414
295,-63.4373872304976,48.41327739060116,-63.90020481039992,48.2820345427222,-60.66744336613438,44.22548246593352,-59.520269807513856,43.26665445111577
296,-63.90020481039992,48.2820345427222,-64.89865900514039,47.73214501173453,-61.68441674635438,45.04050138995629,-60.66744336613438,44.22548246593352
297,-64.89865900514039,47.73214501173453,-65.8325519106686,46.73320210620633,-62.80211033202194,45.87157146447036,-61.68441674635438,45.04050138995629
298,-65.8325519106686,46.73320210620633,-66.42699798236275,45.08970629810408,-63.83260818357679,45.43710913275078,-62.80211033202194,45.87157146447036
299,-66.42699798236275,45.08970629810408,-64.73586387302144,47.82989014385347,-64.02061583714024,44.89877024627997,-63.83260818357679,45.43710913275078
